key,2,3,4
#,LookupTable,Text,GroupTitle
offset,8,0,4
int32,str,str,str
100,@,【語言】,yuyan.
101,,請使用定型文翻譯系統。,qingshiyongdingxingwenfanyixitong
102,,日語,riyu
103,,英語,yingyu
104,,法語,fayu
105,,德語,deyu
106,,你會說日語嗎？,nihuishuoriyuma?
107,,你會說英語嗎？,nihuishuoyingyuma?
108,,你會說法語嗎？,nihuishuofayuma?
109,,你會說德語嗎？,nihuishuodeyuma?
110,,我不會說英語。,wobuhuishuoyingyu
111,,我不會說日語。,wobuhuishuoriyu
112,,我不會說法語。,wobuhuishuofayu
113,,我不會說德語。,wobuhuishuodeyu
114,,請聽著。,qingtingzhe
115,,能聽見嗎？,nengtingjianma?
116,,我會說一點。,wohuishuoyidian
117,,我能看懂一點。,wonengkandongyidian
118,,請用簡單的詞彙。,qingyongjiandandecihui
119,,請不要使用省略語。,qingbuyaoshiyongshenglveyu
120,,請稍等，我需要些時間來回覆。,"qingshaodeng,woxuyaoxieshijianlaihuifu"
121,,你的母語是什麼？,nidemuyushishenme?
200,@,【問候語】,wenhouyu.
201,,很高興見到你。,hengaoxingjiandaoni
202,,早上好！,zaoshanghao
203,,你好！,nihao
204,,晚上好！,wanshanghao
205,,晚安！,wanan
206,,再會。,zaihui
207,,今天很高興。,jintianhengaoxing
208,,回頭見！,huitoujian
209,,有時間再一起玩！,youshijianzaiyiqiwan
210,,我回來了！,wohuilaile
211,,歡迎回來。,huanyinghuilai
212,,恭喜！,gongxi
213,,幹得好！,gandehao
214,,加油！,jiayou
215,,太好了！,taihaole
216,,謝謝你。,xiexieni
217,,不客氣。,bukeqi
218,,多保重。,duobaozhong
219,,對不起。,duibuqi
220,,請原諒我。,qingyuanliangwo
221,,很遺憾。,henyihan
222,,打擾一下……,daraoyixia
223,,祝你旅途愉快。,zhunilvtuyukuai
224,,我是第一次來這裡。,woshidiyicilaizheli
225,,我很期待！,wohenqidai
226,,打得好！辛苦了！,dadehaoxinkule
227,,請多關照！,qingduoguanzhao
228,,我得走了，非常感謝各位。,wodeizoulefeichangganxiegewei
229,,我們玩得輕鬆點吧！,womenwandeqingsongdianba
230,,我會盡力的！,wohuijinlide
231,,一起加油吧！,yiqijiayouba
232,,好好期待吧！,haohaoqidaiba
233,,冷靜一點吧！,lengjingyidianba
300,@,【提問】,tiwen.
301,,誰？,shui?
302,,哪個？,nage?
303,,怎樣？,zenyang?
304,,什麼？,shenme?
305,,什麼時候？,shenmeshihou?
306,,多少？,duoshao?
307,,在哪？,zaina?
308,,為什麼？,weishenme?
309,,怎麼了？,zenmele?
310,,我們要去哪？,womenyaoquna?
311,,你可以嗎？,nikeyima?
312,,需要幫忙嗎？,xuyaobangmangma?
313,,我們做什麼任務？,womenzuoshenmerenwu?
314,,你能做什麼任務？,ninengzuoshenmerenwu?
315,,你有嗎？,niyouma?
316,,現在你在使用什麼武器？,xianzainizaishiyongshenmewuqi?
317,,你還能使用其他什麼職業？,nihainengshiyongqitashenmezhiye?
318,,你還能擔任其他什麼職能？,nihainengdanrenqitashenmezhineng?
319,,你設定好了嗎？,nishezhihaolema?
320,,用什麼戰術？,yongshenmezhanshu?
321,,我能加你為好友嗎？,wonengjianiweihaoyouma?
322,,能休息下嗎？,nengxiuxixiama?
323,,稍微修理一下吧？,shaoweixiuliyixiaba?
324,,能幫我修理一下嗎？,nengbangwoxiuliyixiama?
325,,需要我幫你鑲嵌魔晶石嗎？,xuyaowobangnixiangqianmojingshima?
326,,能幫我鑲嵌下魔晶石嗎？,nengbangwoxiangqianxiamojingshima?
327,,你要加入我的小隊嗎？,niyaojiaruwodexiaoduima?
328,,能把我加入你的小隊嗎？,nengbawojiarunidexiaoduima?
329,,我們把小隊解散了怎麼樣？,womenbaxiaoduijiesanlezenmeyang?
330,,來加入我們的通訊貝嗎？,laijiaruwomendetongxunbeima?
331,,能讓我加入通訊貝嗎？,nengrangwojiarutongxunbeima?
332,,來加入我們的部隊嗎？,laijiaruwomendebuduima?
333,,能讓我加入部隊嗎？,nengrangwojiarubuduima?
334,,你在幹什麼？,nizaiganshenme?
335,,來進行卡片對局嗎？,laijinxingkapianduijuma?
336,,我們改變一下規則好嗎？,womengaibianyixiaguizehaoma?
337,,來進行大賽對局嗎？,laijinxingdasaiduijuma?
338,,魔力夠用嗎？,moligouyongma?
339,,有什麼不明白的地方嗎？,youshenmebumingbaidedifangma?
340,,看到了嗎？,kandaolema?
341,,知道怎麼打嗎？,zhidaozenmedama?
342,,能說說打法嗎？,nengshuoshuodafama?
343,,要來共同騎乘嗎？,yaolaigongtongqichengma?
344,,能讓我共同騎乘嗎？,nengrangwogongtongqichengma?
400,@,【回答】,huida.
401,,我不知道。,wobuzhidao
402,,不，謝了。,buxiele
403,,好的，拜託了。,haodebaituole
404,,拜託您了。,baituoninle
405,,明白。,mingbai
406,,抱歉，我現在很忙。,baoqianwoxianzaihenmang
407,,我現在想獨自一人活動。,woxianzaixiangduziyirenhuodong
408,,我不知道該怎麼回答這個問題。,wobuzhidaogaizenmehuidazhegewenti
409,,原來如此。,yuanlairuci
410,,謝謝你的提案，不過還是算了。,xiexienidetianbuguohaishisuanle
411,,聽起來有意思。,tingqilaiyouyisi
412,,嗯……,en
413,,啊？！,a?!
414,,真的？,zhende?
415,,唔。,wu
416,,一會還有別的事。,yihuihaiyoubiedeshi
417,,再來一局。,zailaiyiju
418,,結束對局吧。,jieshuduijuba
419,,我想暫停一會兒。,woxiangzantingyihuier
420,,有可能。,youkeneng
500,@,【理由】,liyou.
501,,正在詠唱。,zhengzaiyongchang
502,,該工作了。,gaigongzuole
503,,我約了人。,woyueleren
504,,我困了。,wokunle
505,,我累了。,woleile
506,,有事要辦，先走一步！,youshiyaobanxianzouyibu
507,,身體有點不舒服。,shentiyoudianbushufu
508,,我不是很有興趣。,wobushihenyouxingqu
509,,我有興趣。,woyouxingqu
510,,我現在正在任務裡。,woxianzaizhengzairenwuli
511,,正在戰鬥中！,zhengzaizhandouzhong
512,,我想掙錢。,woxiangzhengqian
513,,我不記得了。,wobujidele
514,,我不知道。,wobuzhidao
515,,剛用掉了……,gangyongdiaole
516,,我想掙經驗值。,woxiangzhengjingyanzhi
517,,我錯了。,wocuole
518,,已經有人邀請我了。,yijingyourenyaoqingwole
519,,我已經有一個了。,woyijingyouyigele
520,,招募已經結束了。,zhaomuyijingjieshule
521,,我正在做準備。,wozhengzaizuozhunbei
522,,現在無法脫身。,xianzaiwufatuoshen
523,,我在和人聊天。,wozaiherenliaotian
524,,我沒有在用鍵盤。,womeiyouzaiyongjianpan
525,,我正在查資料。,wozhengzaichaziliao
600,@,【交易】,jiaoyi.
601,,能賣給我嗎？,nengmaigeiwoma?
602,,能幫我個忙嗎？,nengbangwogemangma?
603,,能便宜些嗎？,nengpianyixiema?
604,,要購買嗎？,yaogoumaima?
605,,要出售嗎？,yaochushouma?
606,,能交換嗎？,nengjiaohuanma?
607,,你需要嗎？,nixuyaoma?
608,,你能製作嗎？,ninengzhizuoma?
609,,你有嗎？,niyouma?
610,,需要什麼必要的素材？,xuyaoshenmebiyaodesucai?
611,,沒錢！,meiqian
612,,我沒有那個道具。,womeiyounagedaoju
613,,我沒什麼能給你的。,womeishenmenenggeinide
614,,給你這個。,geinizhege
615,,請。,qing
616,,報酬：,baochou
617,,價格：,jiage
618,,發送物品,fasongwupin
700,@,【組織】,zuzhi.
701,,尋找同伴中。,xunzhaotongbanzhong
702,,請集合。,qingjihe
703,,組隊怎麼樣？,zuduizenmeyang?
704,,你是一個人嗎？,nishiyigerenma?
705,,有空位嗎？,youkongweima?
706,,請邀請我。,qingyaoqingwo
707,,請讓我加入。,qingrangwojiaru
708,,誰是隊長？,shuishiduizhang?
709,,就一會兒也可以。,jiuyihuieryekeyi
710,,我們小隊滿了。,womenxiaoduimanle
711,,請幫個忙。,qingbanggemang
712,,小隊解散。,xiaoduijiesan
713,,暫時離開一下。,zanshilikaiyixia
714,,希望組隊。,xiwangzudui
715,,輕銳小隊,qingruixiaodui
716,,滿編小隊,manbianxiaodui
717,,我還沒有適應。,wohaimeiyoushiying
718,,要補充隊員嗎？,yaobuchongduiyuanma?
800,@,【戰術】,zhanshu.
801,,請跟上。,qinggenshang
802,,我會跟上的。,wohuigenshangde
803,,調查看看。,diaochakankan
804,,我找到了！,wozhaodaole
805,,全力攻擊！,quanligongji
806,,稍微退後些。,shaoweituihouxie
807,,請留意仇恨值。,qingliuyichouhenzhi
808,,先幹掉這個！,xiangandiaozhege
809,,請不要攻擊。,qingbuyaogongji
810,,拉住那隻怪！,lazhunazhiguai
811,,請使它無效化。,qingshitawuxiaohua
812,,治療！,zhiliao
813,,快加上！,kuaijiashang
814,,快跑！,kuaipao
815,,救命！,jiuming
816,,停止！,tingzhi
817,,待命中。,daimingzhong
818,,沒剩下了。,meishengxiale
819,,沒有了。,meiyoule
820,,請節約一點。,qingjieyueyidian
821,,我會節約的。,wohuijieyuede
822,,裝備的耐久度下降了。,zhuangbeidenaijiuduxiajiangle
823,,準備完畢！,zhunbeiwanbi
824,,請標記怪物。,qingbiaojiguaiwu
825,,用這個吧。,yongzhegeba
826,,休息一下吧。,xiuxiyixiaba
827,,我去引敵人過來。,woquyindirenguolai
828,,我去吸引敵人。,woquxiyindiren
829,,請等一下。,qingdengyixia
830,,在那邊集合吧。,zainabianjiheba
831,,我們走吧。,womenzouba
832,,請到那邊去。,qingdaonabianqu
833,,我現在過去。,woxianzaiguoqu
834,,馬上回來。,mashanghuilai
835,,請快點擲骰。,qingkuaidianzhitou
836,,弱點：,ruodian
837,,注意：,zhuyi
838,,推薦：,tuijian
839,,討伐順序：,taofashunxu
840,,所需物品：,suoxuwupin
841,,請保持住敵人的仇恨。,qingbaochizhudirendechouhen
842,,敵人正在靠近！,direnzhengzaikaojin
843,,請不要在意。,qingbuyaozaiyi
844,,請不要管那個。,qingbuyaoguannage
845,,交換。,jiaohuan
846,,換我來！,huanwolai
847,,我先上！,woxianshang
848,,我們慢點打。,womenmandianda
849,,快做！,kuaizuo
850,,方向：,fangxiang
851,,快迴避！,kuaihuibi
852,,請朝後。,qingchaohou
853,,快去吃傷害。,kuaiquchishanghai
854,,讓敵人離遠點。,rangdirenliyuandian
855,,離遠點。,liyuandian
856,,離近點。,lijindian
857,,帶走。,daizou
859,,快切斷！,kuaiqieduan
860,,繼續維持！,jixuweichi
861,,一起打倒吧！,yiqidadaoba
862,,躲起來！,duoqilai
863,,搭乘了！,dachengle!
864,,請搭乘！,qingdacheng!
900,@,【職能】,zhineng.
901,,隊長,duizhang
902,,管理員,guanliyuan
903,,戰鬥菁英,zhandoujingying
904,,魔法導師,mofadaoshi
905,,大地使者,dadishizhe
906,,能工巧匠,nenggongqiaojiang
907,,防護職業,fanghuzhiye
908,,近戰職業,jinzhanzhiye
909,,遠程職業,yuanchengzhiye
910,,治療職業,zhiliaozhiye
911,,強化職業,qianghuazhiye
912,,魔法職業,mofazhiye
913,,進攻職業,jingongzhiye
950,@,【位置】,weizhi.
951,,位置,weizhi
952,,北,bei
953,,南,nan
954,,東,dong
955,,西,xi
956,,上,shang
957,,下,xia
958,,右,you
959,,左,zuo
960,,前面,qianmian
961,,後面,houmian
962,,旁邊,pangbian
963,,正面,zhengmian
964,,中央,zhongyang
965,,側面,cemian
966,,內側,neice
967,,外側,waice
968,,這邊,zhebian
969,,遠處,yuanchu
970,,那邊,nabian
971,,再近一些,zaijinyixie
972,,再遠一些,zaiyuanyixie
973,,入口,rukou
974,,出口,chukou
975,,背面,beimian
976,,一點,yidian
977,,兩點,liangdian
978,,三點,sandian
979,,四點,sidian
980,,五點,wudian
981,,六點,liudian
982,,七點,qidian
983,,八點,badian
984,,九點,jiudian
985,,十點,shidian
986,,十一點,shiyidian
987,,十二點,shierdian
1000,@,【時間】,shijian.
1001,,前天,qiantian
1002,,昨天,zuotian
1003,,今天,jintian
1004,,明天,mingtian
1005,,後天,houtian
1006,,上週,shangzhou
1007,,這週,zhezhou
1008,,下週,xiazhou
1009,,上午,shangwu
1010,,下午,xiawu
1011,,早晨,zaochen
1012,,中午,zhongwu
1013,,晚上,wanshang
1014,,星期,xingqi
1015,,星期日,xingqiri
1016,,星期一,xingqiyi
1017,,星期二,xingqier
1018,,星期三,xingqisan
1019,,星期四,xingqisi
1020,,星期五,xingqiwu
1021,,星期六,xingqiliu
1022,,假日,jiari
1023,,休息,xiuxi
1024,,長期,changqi
1025,,短期,duanqi
1026,,日期,riqi
1027,,秒,miao
1028,,分鐘,fenzhong
1029,,小時,xiaoshi
1030,,月,yue
1031,,年,nian
1032,,1月,yiyue
1033,,2月,eryue
1034,,3月,sanyue
1035,,4月,siyue
1036,,5月,wuyue
1037,,6月,liuyue
1038,,7月,qiyue
1039,,8月,bayue
1040,,9月,jiuyue
1041,,10月,shiyue
1042,,11月,shiyiyue
1043,,12月,shieryue
1044,,上個月,shanggeyue
1045,,這個月,zhegeyue
1046,,下個月,xiageyue
1047,,去年,qunian
1048,,今年,jinnian
1049,,明年,mingnian
1050,,現在,xianzai
1051,,馬上,mashang
1052,,任何時候,renheshihou
1053,,最初,zuichu
1054,,最後,zuihou
1055,,等待時間,dengdaishijian
1056,,剩餘時間,shengyushijian
1057,,結束時間,jieshushijian
1058,,第六星曆,diliuxingli
1059,,第七靈災,diqilingzai
1060,,第七星曆,diqixingli
1061,,之前,zhiqian
1062,,之後,zhihou
1150,@,【移動方式】,yidongfangshi.
1151,,行走,xingzou
1152,,奔跑,benpao
1153,,跟隨,gensui
1154,,陸行鳥,luxingniao
1155,,專屬陸行鳥,zhuanshuluxingniao
1156,,租借陸行鳥,zujieluxingniao
1157,,陸行鳥運輸,luxingniaoyunshu
1158,,坐騎,zuoqi
1159,,傳送,chuansong
1160,,返回,fanhui
1161,,都市傳送網,dushichuansongwang
1162,,飛空艇,feikongting
1163,,返回點,fanhuidian
1164,,定期船,dingqichuan
1165,,飛行坐騎,feixingzuoqi
1200,@,【設施】,sheshi.
1201,,乙太之光,yitaizhiguang
1202,,城內乙太之晶,chengneiyitaizhijing
1203,,冒險者公會,maoxianzhehanghui
1204,,公會,hanghui
1205,,商店,shangdian
1206,,陸行鳥欄,luxingniaolan
1207,,旅館,lvguan
1208,,客房,kefang
1209,,休息區,xiuxiqu
1210,,公會理符發行處,hanghuilifufaxingchu
1211,,通訊貝辦理處,tongxunbeibanlichu
1212,,市場布告板,shichangbugaoban
1213,,僱員窗口,guyuanchuangkou
1214,,修理工,xiuligong
1215,,飛艇坪,feitingping
1216,,郵差莫古力,youchaimoguli
1217,,碼頭,matou
1218,,渡輪碼頭,dulunmatou
1219,,搭乘點,dachengdian
1220,,黑渦軍令部,heiwojunlingbu
1221,,蛇巢司令部,shechaosilingbu
1222,,恆輝作戰總部,henghuizuozhanzongbu
1223,,冒險者住宅區,maoxianzhezhuzhaiqu
1224,,競技場接待處,jingjichangjiedaichu
1225,,怪物狩獵告示板,guaiwushouliegaoshiban
1226,,天氣預報員,tianqiyubaoyuan
1227,,美容師傳喚鈴,meirongshichuanhuanling
1228,,擴建區,kuojianqu
1229,,管弦樂琴,guanxianyueqin
1230,,木人,muren
1231,,魔晶石師傅,mojingshishifu
1232,,公寓,gongyu
1233,,投影台,touyingtai
1234,,交流簿,jiaoliubu
1235,,收藏櫃,shoucanggui
1236,,旅行筆錄,lvxingbilu
1250,@,【大國防聯軍】,daguofanglianjun.
1251,,大國防聯軍,daguofanglianjun
1252,,軍銜,junxian
1253,,軍需品,junxupin
1254,,補給品,bujipin
1255,,稀有品,xiyoupin
1256,,黑渦團,heiwotuan
1257,,雙蛇黨,shuangshedang
1258,,恆輝隊,henghuidui
1270,@,【部隊】,budui.
1271,,部隊,budui
1272,,署名,shuming
1273,,部隊公告,buduigonggao
1274,,部隊儲物櫃,buduichuwugui
1275,,部隊隊徽,buduiduihui
1276,,部隊特效,buduitexiao
1277,,部隊合建,buduihejian
1278,,部隊工房,buduigongfang
1279,,飛空艇探索,feikongtingtansuo
1280,,潛水艇探索,qianshuitingtansuo
1300,@,【遊戲系統】,youxixitong.
1301,,職業,zhiye
1302,,轉職,zhuanzhi
1303,,特職,tezhi
1304,,轉換特職,zhuanhuantezhi
1305,,靈魂水晶,linghunshuijing
1306,,等級,dengji
1307,,經驗值,jingyanzhi
1308,,守護神,shouhushen
1309,,民族,minzu
1310,,部族,buzu
1311,,地區,diqu
1312,,兵裝,bingzhuang
1313,,道具,daoju
1314,,套裝,taozhuang
1315,,休息獎勵,xiuxijiangli
1316,,單人,danren
1317,,小隊,xiaodui
1318,,坐騎,zuoqi
1319,,寵物,chongwu
1320,,僱員,guyuan
1321,,戰鬥,zhandou
1322,,製作,zhizuo
1323,,採集,caiji
1324,,耐久度,naijiudu
1325,,精鍊度,jingliandu
1326,,裝備適性,zhuangbeishixing
1327,,寶箱,baoxiang
1328,,目標,mubiao
1329,,鎖定,suoding
1330,,焦點目標,jiaodianmubiao
1331,,目標標記,mubiaobiaoji
1332,,選單,caidan
1333,,地圖,ditu
1334,,服務台,fuwutai
1335,,截圖,jietu
1336,,返回標題畫面,fanhuibiaotihuamian
1337,,退出遊戲,tuichuyouxi
1338,,關閉,guanbi
1339,,定型文,dingxingwen
1340,,情感動作,qinggandongzuo
1341,,成就,chengjiu
1342,,稱號,chenghao
1343,,貨幣,huobi
1344,,金幣,jinbi
1345,,交易,jiaoyi
1346,,調查,diaocha
1347,,自動跟隨,zidonggensui
1348,,團隊,tuandui
1349,,房屋,fangwu
1350,,友好度,youhaodu
1351,,友好關係等級,youhaoguanxidengji
1352,,最優隊員,zuiyouduiyuan
1353,,亞拉戈神典石,yalageshendianshi
1356,,投票驅逐,toupiaoquzhu
1357,,放棄任務投票,fangqirenwutoupiao
1358,,場景標記,changjingbiaoji
1359,,地面目標,dimianmubiao
1360,,武具投影,wujutouying
1362,,美容師,meirongshi
1363,,僱員探險,guyuantanxian
1364,,魂晶,hunjing
1365,,黃道武器,huangdaowuqi
1366,,星光變石,xingguangbianshi
1367,,魂靈,hunling
1368,,新星,xinxing
1369,,同盟徽章,tongmenghuizhang
1370,,怪物通緝令,guaiwutongjiling
1371,,法外戰區,fawaizhanqu
1372,,超越之力,chaoyuezhili
1373,,飼養陸行鳥,siyangluxingniao
1374,,天氣預報,tianqiyubao
1375,,亞拉戈詩學神典石,yalageshixueshendianshi
1376,,貢獻值,gongxianzhi
1377,,軍票,junpiao
1378,,狼印戰績,langyinzhanji
1379,,天極,tianji
1380,,鎮魂,zhenhun
1381,,兵團徽章,bingtuanhuizhang
1384,,隊長分配,duizhangfenpei
1385,,僅限貪婪,jinxiantanlan
1386,,通常分配,tongchangfenpei
1387,,元靈武器,yuanlingwuqi
1389,,永結同心,yongjietongxin
1390,,物品品級,wupinpinji
1391,,等級調整,dengjitiaozheng
1392,,天書奇談,tianshuqitan
1396,,解除限制,jiechuxianzhi
1397,,樂器演奏,yueqiyanzou
1398,,時尚品鑒,shishangpinjian
1400,@,【戰鬥】,zhandou.
1401,,攻擊,gongji
1402,,技能,jineng
1403,,共通技能,gongtongjineng
1404,,特性,texing
1405,,特職技能,tezhijineng
1406,,額外技能,ewaijineng
1407,,魔法,mofa
1408,,戰技,zhanji
1409,,能力,nengli
1410,,詠唱時間,yongchangshijian
1411,,複唱時間,fuchangshijian
1412,,行動適性,xingdongshixing
1413,,連結,lianjie
1414,,召喚獸,zhaohuanshou
1415,,搭檔,dadang
1416,,仇恨,chouhen
1417,,主動,zhudong
1418,,被動,beidong
1419,,無法戰鬥,wufazhandou
1420,,戰利品,zhanlipin
1421,,分配,fenpei
1422,,擲骰,zhitou
1423,,抗性,kangxing
1424,,習得,xide
1425,,索敵,suodi
1426,,範圍,fanwei
1427,,極限技,jixianji
1428,,敵人,diren
1429,,魔物,mowu
1430,,惡名菁英,emingjingying
1432,,連鎖獎勵,liansuojiangli
1433,,兵裝轉換獎勵,bingzhuangzhuanhuanjiangli
1434,,等級同步,dengjitongbu
1435,,對戰技能,duizhanjineng
1436,,範圍攻擊,fanweigongji
1437,,前方範圍攻擊,qianfangfanweigongji
1438,,後方範圍攻擊,houfangfanweigongji
1439,,全屏攻擊,quanpinggongji
1440,,前哨,qianshao
1441,,莊園遺跡,zhuangyuanyiji
1442,,據點,judian
1443,,軍旗,junqi
1444,,佔領,zhanling
1445,,中立化,zhonglihua
1446,,戰術值,zhanshuzhi
1447,,市場遺跡,shichangyiji
1448,,太陽神殿,taiyangshendian
1449,,連擊,lianji
1450,,奮戰技,fenzhanji
1451,,單體攻擊,dantigongji
1452,,弩砲,nupao
1453,,亞拉戈石文,yalageshiwen
1454,,利爪隊,lizhuadui
1455,,尖牙隊,jianyadui
1456,,戰章,zhanzhang
1458,,危急時刻,weijishike
1462,,奮戰補給箱,fenzhanbujixiang
1466,,奮戰道具包,fenzhandaojubao
1467,,補給箱,bujixiang
1468,,擊暈,jiyun
1469,,擊倒,jidao
1470,,助攻,zhugong
1471,,連續攻擊,lianxugongji
1472,,突進攻擊,tujingongji
1473,,擊退,jitui
1474,,吸引,xiyin
1475,,冰封的石文,bingfengdeshiwen
1476,,情報值,qingbaozhi
1477,,狼心,langxin
1478,,狼心包,langxinbao
1479,,核心,hexin
1480,,魔導結界,modaojiejie
1481,,防禦塔,fangyuta
1482,,機庫,jiku
1483,,青磷水,qinglinshui
1484,,動力發生器,donglifashengqi
1485,,蒸汽加農砲,zhengqijianongpao
1486,,自走維京人偶,zizouweijingrenou
1487,,自走法師人偶,zizoufashirenou
1488,,機動兵器,jidongbingqi
1489,,巡航驅逐者,xunhangquzhuzhe
1490,,壓迫者,yapozhe
1491,,殘暴正義號,canbaozhengyihao
1492,,職能技能,zhinengjineng
1494,,快捷發言,kuaijiefayan
1496,,青磷引擎車,qinglinyinqingche
1497,,哥布林坦克,gebulintanke
1498,,哥布林傭兵,gebulinyongbing
1499,,戰略值,zhanlvezhi
1500,@,【線上狀態】,zaixianzhuangtai.
1501,,線上,zaixian
1502,,離開,likai
1503,,忙碌,manglu
1504,,希望組隊,xiwangzudui
1505,,接受鑲嵌魔晶石請求,jieshouxiangqianmojingshiqingqiu
1506,,任務中,renwuzhong
1507,,離線,lixian
1508,,隊員招募中,duiyuanzhaomuzhong
1509,,新人,xinren
1510,,指導者,zhidaozhe
1511,,戰鬥指導者,zhandouzhidaozhe
1512,,對戰指導者,duizhanzhidaozhe
1513,,製作採集指導者,zhizuocaijizhidaozhe
1514,,角色扮演中,juesebanyanzhong
1515,,回歸者,huiguizhe
1516,,過場劇情中,guochangjuqingzhong
1521,,無垢的大地,wugoudedadi
1522,,契約,qiyue
1523,,戰術水晶,zhanshushuijing
1524,,水晶點,shuijingdian
1525,,勝利之星,shenglizhixing
1526,,星極隊,xingjidui
1527,,靈極隊,lingjidui
1550,@,【社交】,shejiao.
1551,,聊天,liaotian
1552,,悄悄話,qiaoqiaohua
1553,,說話,shuohua
1554,,喊話,hanhua
1555,,呼喊,huhan
1556,,好友名單,haoyoumingdan
1557,,黑名單,heimingdan
1558,,玩家搜索,wanjiasousuo
1559,,通訊貝,tongxunbei
1560,,莫古郵件,moguyoujian
1564,,論壇,luntan
1565,,排名,paiming
1566,,軍內排名,junneipaiming
1567,,部隊排名,buduipaiming
1568,,小隊,xiaodui
1569,,團隊,tuandui
1570,,通訊貝,tongxunbei
1571,,部隊,budui
1572,,新人,xinren
1573,,戰隊,zhandui
1574,,跨服通訊貝,kuafutongxunbei
1575,,跨服通訊貝,kuafutongxunbei
1576,,戰友列表,zhanyouliebiao
1600,@,【採集與製作】,caijiyuzhizuo.
1601,,碎晶,suijing
1602,,水晶,shuijing
1603,,晶簇,jingcu
1604,,魔晶石,mojingshi
1605,,精製魔晶石,jingzhimojingshi
1606,,魔晶石工藝,mojingshigongyi
1607,,市場,shichang
1608,,搜索道具,sousuodaoju
1609,,優質,youzhi
1610,,珍稀,zhenxi
1611,,獨佔,duzhan
1612,,素材,sucai
1613,,簡易製作,jianyizhizuo
1614,,品質,pinzhi
1615,,高品質,gaopinzhi
1616,,最高品質,zuigaopinzhi
1617,,修理,xiuli
1618,,修理品,xiulipin
1619,,染色,ranse
1620,,良材,liangcai
1621,,採伐,caifa
1622,,割草,gecao
1623,,礦脈,kuangmai
1624,,採掘,caijue
1625,,碎石,suishi
1626,,釣魚,diaoyu
1627,,鑲嵌魔晶石,xiangqianmojingshi
1628,,禁忌鑲嵌,jinjixiangqian
1629,,栽培,zaipei
1630,,培育,peiyu
1631,,收穫,shouhuo
1632,,秘籍,miji
1633,,分解,fenjie
1634,,釣場之王,diaochangzhiwang
1635,,放生,fangsheng
1636,,未知的採集地點,weizhidecaijididian
1637,,收藏品,shoucangpin
1638,,專家,zhuanjia
1639,,護符,hufu
1640,,傳承錄,chuanchenglu
1642,,大地工票,dadigongpiao
1647,,巧手黃票,qiaoshouhuangpiao
1648,,大地黃票,dadihuangpiao
1649,,巧手白票,qiaoshoubaipiao
1650,,大地白票,dadibaipiao
1651,,簡易採集,jianyicaiji
1652,,製作練習,zhizuolianxi
1653,,蒼天街振興票,tianqiongjiezhenxingpiao
1654,,收藏價值,shoucangjiazhi
1655,,巧手紫票,qiaoshouzipiao
1656,,大地紫票,dadizipiao
1657,,刺魚,ciyu
1658,,開拓採集,kaituocaiji
1659,,開拓製作,kaituozhizuo
1660,,謝爾達萊青船幣,xieerdalaiqingchuanbi
1661,,謝爾達萊綠島幣,xieerdalailvdaobi
1900,@,【蠻神與蠻族】,manshenyumanzu.
1901,,蠻神,manshen
1902,,伊弗利特,yifulite
1903,,泰坦,taitan
1904,,迦樓羅,jialouluo
1905,,巴哈姆特,bahamute
1906,,莫古爾·莫古十二世,moguermogushiershi
1907,,蠻族,manzu
1908,,蜥蜴人,xiyiren
1909,,妖精,yaojing
1910,,鳥人,niaoren
1911,,地靈,diling
1912,,魚人,yuren
1913,,利維亞桑,liweiyasang
1914,,拉姆,lamu
1915,,希瓦,xiwa
1916,,亞歷山大,yalishanda
1917,,羅波那,luobona
1918,,俾斯麥,bisimai
1919,,骨頜族,guhezu
1920,,瓦努族,wanuzu
1921,,哥布林,gebulin
1922,,龍族,longzu
1923,,尼德霍格,nidehuoge
1924,,薩菲洛特,safeiluote
1925,,索菲婭,suofeiya
1926,,祖爾宛,zuerwan
1927,,甲人族,jiarenzu
1928,,阿難陀族,anantuozu
1929,,須佐之男,xuzuozhinan
1930,,吉祥天女,jixiangtiannv
1931,,神龍,shenlong
1932,,歐米茄,oumijia
1933,,白虎,baihu
1934,,月讀,yuedu
1935,,莫古力,moguli
1936,,鯰魚精,nianyujing
1937,,不死鳥,businiao
1938,,奧丁,aoding
1939,,朱雀,zhuque
1940,,青龍,qinglong
1941,,緹坦妮雅,titanniya
1942,,無瑕靈君,wuxialingjun
1943,,哈迪斯,hadisi
1944,,矮人族,airenzu
1945,,仙子族,xianzizu
1946,,恩莫族,enmozu
1947,,奇塔利族,qitalizu
1948,,紅寶石神兵,hongbaoshishenbing
1949,,光之戰士,guangzhizhanshi
1950,,綠寶石神兵,lvbaoshishenbing
1951,,鑽石神兵,zuanshishenbing
1952,,象魔族,xiangmozu
1953,,悌陽象族,tiyangxiangzu
1954,,兔兔族,tutuzu
1955,,佐迪亞克,zuodiyake
1956,,海德林,haidelin
1957,,奧密克戎族,aomikerongzu
1958,,巴爾巴莉希婭,baerbalixiya
2000,@,【任務】,renwu.
2001,,任務副本,renwufuben
2002,,任務,renwu
2003,,主線任務,zhuxianrenwu
2004,,支線任務,zhixianrenwu
2005,,職業任務,zhiyerenwu
2006,,特職任務,tezhirenwu
2007,,軍隊任務,junduirenwu
2008,,危命任務,weimingrenwu
2009,,公會理符,hanghuilifu
2010,,理符任務,lifurenwu
2011,,傭兵任務,yongbingrenwu
2012,,採集任務,caijirenwu
2013,,製作任務,zhizuorenwu
2015,,軍隊理符,junduilifu
2017,,理符連接,lifulianjie
2018,,理符受理限額,lifushoulixiane
2019,,理符難度,lifunandu
2020,,公會令,hanghuiling
2021,,迷宮,migong
2022,,討伐戰,taofazhan
2023,,殲滅戰,jianmiezhan
2024,,強攻戰,qianggongzhan
2025,,大型任務,daxingrenwu
2026,,競技場,jingjichang
2027,,托托·拉克千獄,tuotuolakeqianyu
2028,,塔姆·塔拉墓園,tamutalamuyuan
2029,,銅鈴銅山,tonglingtongshan
2030,,沙斯塔夏溶洞,shasitaxiarongdong
2031,,黃金谷,huangjingu
2032,,靜語莊園,jingyuzhuangyuan
2033,,日影地修練所,riyingdixiuliansuo
2034,,布雷福洛克斯野營地,buleifuluokesiyeyingdi
2035,,喀恩埋沒聖堂,kaenmaimoshengtang
2036,,放浪神古神殿,fanglangshengushendian
2037,,石衛塔,shiweita
2038,,樵鳴洞,qiaomingdong
2039,,澤梅爾要塞,zemeieryaosai
2040,,無限城古堡,wuxianchenggubao
2041,,帝國南方堡,diguonanfangbao
2042,,天幕魔導城,tianmumodaocheng
2043,,完成集團戰訓練！,wanchengjituanzhanxunlian
2044,,討伐彷徨死靈！,taofapanghuangsiling
2045,,突破所有關門，討伐最深處的敵人！,tuposuoyouguanmentaofazuishenchudediren
2046,,捕獲金幣龜！,buhuojinbigui
2047,,驅除劇毒妖花！,quchujuduyaohua
2048,,消滅惡徒團伙寄生蜂團！,xiaomieetutuanhuojishengfengtuan
2049,,討伐夢幻之布拉奇希奧！,taofamenghuanzhibulaqixiao
2050,,擊潰哥布林炸彈軍團！,jikuigebulinzhadanjuntuan
2051,,討伐汙染源頭魔界花！,taofawuranyuantoumojiehua
2052,,討伐坑道中出現的妖異！,taofakengdaozhongchuxiandeyaoyi
2053,,注意無敵的眷屬，討伐大型妖異！,zhuyiwudidejuanshutaofadaxingyaoyi
2054,,討伐爆彈怪的女王！,taofabaodanguaidenvwang
2055,,殲滅特殊陣型的妖異！,jianmieteshuzhenxingdeyaoyi
2056,,制止三方混戰的巨人族，守住遺物！,zhizhisanfanghunzhandejurenzushouzhuyiwu
2057,,伊弗利特討伐戰,yifulitetaofazhan
2058,,泰坦討伐戰,taitantaofazhan
2059,,迦樓羅討伐戰,jialouluotaofazhan
2060,,伊弗利特殲滅戰,yifulitejianmiezhan
2061,,泰坦殲滅戰,taitanjianmiezhan
2062,,迦樓羅殲滅戰,jialouluojianmiezhan
2063,,里塔提恩強攻戰,litatienqianggongzhan
2064,,巴哈姆特大迷宮,bahamutedamigong
2065,,狼獄水上競技場,langyushuishangjingjichang
2066,,伊弗利特殲殛戰,yifulitejianjizhan
2067,,泰坦殲殛戰,taitanjianjizhan
2068,,迦樓羅殲殛戰,jialouluojianjizhan
2069,,莫古力賢王殲滅戰,mogulixianwangjianmiezhan
2070,,究極神兵假想作戰,jiujishenbingjiaxiangzuozhan
2071,,水晶塔,shuijingta
2072,,邂逅之章,xiehouzhizhang
2073,,古代人迷宮,gudairenmigong
2074,,解讀,jiedu
2075,,困難模式,kunnanmoshi
2076,,隨機任務,suijirenwu
2077,,入侵之章,ruqinzhizhang
2078,,天狼星燈塔,tianlangxingdengta
2079,,莫古力賢王殲殛戰,mogulixianwangjianjizhan
2080,,利維亞桑殲滅戰,liweiyasangjianmiezhan
2081,,利維亞桑殲殛戰,liweiyasangjianjizhan
2082,,死化奇美拉討伐戰,sihuaqimeilataofazhan
2083,,海德拉討伐戰,haidelataofazhan
2084,,大橋上的決鬥,daqiaoshangdejuedou
2085,,對戰,duizhan
2086,,友好部族任務,youhaobuzurenwu
2087,,友好部族日常任務,youhaobuzurichangrenwu
2088,,友好部族劇情任務,youhaobuzujuqingrenwu
2089,,支線劇情任務,zhixianjuqingrenwu
2090,,尋寶,xunbao
2091,,編年史任務,biannianshirenwu
2092,,季節活動,jijiehuodong
2093,,無限城市街古蹟,wuxianchengshijieguji
2094,,黃道文書,huangdaowenshu
2095,,天球書卷,tianqiushujuan
2096,,怪物狩獵,guaiwushoulie
2097,,惡名菁英狩獵,emingjingyingshoulie
2098,,拉姆殲滅戰,lamujianmiezhan
2099,,拉姆殲殛戰,lamujianjizhan
2100,,希爾科斯塔,xierkesita
2101,,巴哈姆特零式大迷宮,bahamutelingshidamigong
2102,,加爾提諾平原,jiaertinuopingyuan
2103,,破艦島,pojiandao
2104,,紛爭前線,fenzhengqianxian
2106,,高難度,gaonandu
2108,,真源之章,zhenyuanzhizhang
2109,,希瓦殲滅戰,xiwajianmiezhan
2110,,希瓦殲殛戰,xiwajianjizhan
2111,,披雪大冰壁,pixuedabingbi
2112,,艾瑪吉娜盃鬥技大會決賽,aimajinabeidoujidahuijuesai
2113,,供應任務,gongyingrenwu
2114,,奧丁殲滅戰,aodingjianmiezhan
2115,,暗之世界,anzhishijie
2117,,周邊遺跡群（陣地戰）,zhoubianyijiqunzhendizhan
2119,,密約之塔,miyuezhita
2120,,無限城的死鬥,wuxianchengdesidou
2121,,無影,wuying
2122,,虛無界,xuwujie
2123,,迦巴勒幻想圖書館,jiabalehuanxiangtushuguan
2124,,不獲島,buhuodao
2125,,伊修加德教皇廳,yixiujiadejiaohuangting
2126,,無限迴廊,wuxianhuilang
2127,,暮衛塔,muweita
2128,,索姆阿爾靈峰,suomuaerlingfeng
2129,,魔科學研究所,mokexueyanjiusuo
2130,,龍巢神殿,longchaoshendian
2131,,羅波那殲滅戰,luobonajianmiezhan
2132,,羅波那殲殛戰,luobonajianjizhan
2133,,俾斯麥殲滅戰,bisimaijianmiezhan
2134,,俾斯麥殲殛戰,bisimaijianjizhan
2135,,塵封秘岩（爭奪戰）,chenfengmiyanzhengduozhan
2137,,亞歷山大機神城,yalishandajigongcheng
2138,,亞歷山大零式機神城,yalishandalingshijigongcheng
2139,,啟動之章,qidongzhizhang
2140,,那布里亞勒斯討伐戰,nabuliyalesitaofazhan
2141,,皇都伊修加德保衛戰,huangduyixiujiadebaoweizhan
2142,,圓桌騎士殲滅戰,yuanzhuoqishijianmiezhan
2143,,神殿騎士團理符,shendianqishituanlifu
2144,,聖茉夏娜植物園,shengmoxianazhiwuyuan
2145,,瑪哈之影,mahazhiying
2146,,魔航船虛無方舟,mohangchuanxuwufangzhou
2147,,初學者學堂,chuxuezhexuetang
2148,,顛倒塔,diandaota
2149,,律動之章,lvdongzhizhang
2150,,薩菲洛特殲滅戰,safeiluotejianmiezhan
2151,,薩菲洛特殲殛戰,safeiluotejianjizhan
2153,,群狼盛宴,qunlangshengyan
2154,,木人殲滅戰,murenjianmiezhan
2155,,憶罪宮,yizuigong
2156,,禁忌城邦瑪哈,jinjichengbangmaha
2157,,深層迷宮,shencengmigong
2158,,死者宮殿,sizhegongdian
2159,,尼德霍格征龍戰,nidehuogezhenglongzhan
2160,,尼德霍格傳奇征龍戰,nidehuogechuanqizhenglongzhan
2161,,榮譽野（碎冰戰）,rongyuyesuibingzhan
2163,,決鬥,juedou
2164,,塞爾法特爾,saierfateer
2165,,索菲婭殲滅戰,suofeiyajianmiezhan
2166,,索菲婭殲殛戰,suofeiyajianjizhan
2167,,天動之章,tiandongzhizhang
2168,,巴埃薩長城,baaisachangcheng
2169,,影之國,yingzhiguo
2170,,祖爾宛殲滅戰,zuerwanjianmiezhan
2171,,祖爾宛殲殛戰,zuerwanjianjizhan
2172,,紫水宮,zishuigong
2173,,巴兒達木霸道,baerdamubadao
2174,,多瑪王城,duomawangcheng
2175,,帝國白山堡,diguobaishanbao
2176,,須佐之男殲滅戰,xuzuozhinanjianmiezhan
2177,,須佐之男殲殛戰,xuzuozhinanjianjizhan
2178,,吉祥天女殲滅戰,jixiangtiannvjianmiezhan
2179,,吉祥天女殲殛戰,jixiangtiannvjianjizhan
2180,,神龍殲滅戰,shenlongjianmiezhan
2181,,歐米茄時空狹縫,oumijiashikongxiafeng
2182,,歐米茄零式時空狹縫,oumijialingshishikongxiafeng
2183,,德爾塔幻境,deertahuanjing
2184,,星導寺,xingdaosi
2185,,斯卡拉遺跡,sikalayiji
2186,,神龍夢幻殲滅戰,shenlongjianjizhan
2187,,團隊任務,tuanduirenwu
2188,,重返伊瓦利斯,chongfanyiwalisi
2189,,失落之都拉巴納斯塔,shiluozhidulabanasita
2190,,巴哈姆特絕境戰,bahamutejuejingzhan
2191,,烈羽爭鋒,lieyuzhengfeng
2192,,距骨研究所（機動戰）,juguyanjiusuojidongzhan
2193,,獄之蓋,yuzhigai
2194,,白虎鎮魂戰,baihuzhenhunzhan
2195,,白虎詩魂戰,baihushihunzhan
2196,,西格瑪幻境,xigemahuanjing
2197,,禁地優雷卡,jindiyouleika
2198,,常風之地,changfengzhidi
2200,"Mount[1-1,4-6,8-9,15-15,18-22,25-38,40-50,52-56,58-59,62-62,65-65,67-78,80-84,86-87,90-102,104-106,108-116,121-127,130-130,133-133,135-136,138-146,148-148,150-154,156-156,158-164,166-166,168-168,170-195,197-197,200-209,211-220,222-226,228-243,245-250,252-257,261-269,273-274,277-277,280-281,284-284,287-288,291-291,293-294,298-298,299-299,303-306]",【坐騎】,zuoqi.
2201,ClassJob[1-40],【職業與特職】,zhiyeyutezhi.
2202,"PlaceName[20-37,39-59,61-65,94-94,107-107,112-112,123-123,125-125,128-129,140-140,154-154,184-184,206-206,216-216,218-218,223-223,230-230,237-237,239-239,260-260,271-271,290-290,300-300,313-313,323-323,325-325,331-331,337-337,350-350,357-361,386-386,388-388,392-392,401-401,404-404,406-406,411-411,418-418,425-427,430-430,457-457,464-468,478-478,493-493,496-498,548-548,617-617,694-695,733-733,1301-1304,1334-1334,1363-1363,1374-1374,1377-1377,1390-1390,1399-1399,1406-1409,1431-1431,1484-1484,1500-1500,1628-1628,1633-1633,1638-1638,1645-1645,1647-1647,1664-1665,1708-1708,1714-1714,1723-1723,1731-1731,1740-1740,1742-1742,1759-1759,1792-1793,1799-1802,1805-1805,1807-1807,1809-1809,1835-1835,1841-1841,1847-1847,1853-1853,1857-1857,1868-1868,1884-1884,2000-2002,2018-2018,2025-2025,2031-2031,2034-2034,2038-2038,2042-2042,2046-2046,2050-2050,2081-2082,2088-2088,2090-2090,2099-2101,2116-2116,2123-2123,2130-2131,2147-2148,2151-2151,2178-2178,2181-2181,2200-2200,2204-2204,2214-2214,2256-2256,2265-2266,2295-2295,2297-2301,2310-2310,2327-2327,2340-2340,2354-2354,2357-2360,2367-2367,2372-2372,2383-2383,2400-2404,2406-2414,2448-2450,2462-2462,2483-2483,2485-2485,2496-2496,2499-2499,2510-2510,2530-2530,2545-2545,2549-2549,2586-2586,2589-2589,2613-2613,2634-2634,2646-2646,2660-2660,2665-2665,2670-2670,2691-2691,2693-2693,2707-2708,2715-2715,2717-2720,2725-2725,2727-2727,2736-2736,2762-2762,2769-2769,2773-2773,2775-2775,2779-2779,2793-2793,2801-2801,2805-2805,2810-2810,2813-2814,2822-2822,2833-2833,2850-2851,2864-2864,2936-2936,2950-2958,2979-2979,2982-2982,2985-2985,2997-2997,3007-3007,3017-3018,3044-3044,3050-3050,3057-3057,3075-3075,3094-3094,3105-3105,3122-3122,3129-3129,3135-3135,3139-3139,3147-3147,3156-3157,3170-3170,3179-3179,3195-3195,3205-3205,3214-3220,3222-3222,3229-3229,3378-3378,3385-3385,3425-3425,3435-3435,3442-3442,3467-3469,3477-3477,3486-3487,3492-3492,3511-3511,3534-3534,3568-3568,3581-3581,3590-3590,3595-3597,3620-3620,3635-3635,3644-3644,3647-3647,3662-3663,3684-3686,3700-3713,3736-3736,3759-3759,3769-3770,3783-3783,3797-3798,3818-3818,3833-3833,3850-3850,3852-3852,3880-3880,3886-3886,3894-3894,3903-3903,3915-3915,3926-3926,3928-3929,3938-3938,3949-3949,3966-3966,3973-3973,3978-3978,3983-3983,4015-4015,4042-4043,4090-4092,4098-4098,4100-4100,4111-4111,4118-4118,4135-4135,4139-4139,4146-4146,4154-4154,4167-4167,4180-4180,4196-4199,4227-4227,4249-4250]",【地名】,diming.
2203,Race,【民族】,minzu.
2204,Tribe,【部族】,buzu.
2205,GuardianDeity[1-12],【守護神】,shouhushen.
2206,"GeneralAction[1-10,12-22,24-27]",【共通技能】,gongtongjineng.
2207,"Action[9-9,15-17,20-21,23-24,27-31,37-38,40-46,48-49,51-54,56-56,61-62,65-66,69-70,74-75,78-78,83-88,90-90,92-92,94-98,100-101,106-107,110-110,112-114,116-121,124-125,127-127,131-133,135-137,139-142,144-144,147-147,149-149,152-159,162-163,166-167,172-173,181-181,185-186,188-190,197-208,210-211,215-215,218-218,220-222,224-224,227-228,232-232,235-235,237-241,260-260,268-269,272-273,280-280,288-291,294-297,299-300,303-303,802-803,805-805,2135-2135,2240-2242,2245-2248,2254-2255,2258-2272,2864-2864,2866-2866,2868-2868,2870-2870,2872-2874,2876-2876,2878-2878,2890-2890,3538-3543,3545-3547,3549-3552,3554-3563,3566-3566,3568-3571,3573-3574,3576-3579,3581-3587,3590-3590,3593-3596,3598-3601,3603-3603,3606-3606,3608-3608,3610-3610,3612-3615,3617-3617,3621-3621,3623-3625,3629-3629,3632-3632,3634-3634,3636-3636,3638-3641,3643-3643,4072-4073,4081-4081,4086-4087,4095-4095,4100-4100,4102-4106,4179-4179,4238-4248,4262-4262,4401-4406,4574-4574,4589-4589,4595-4596,4631-4631,4639-4639,7381-7416,7418-7422,7426-7445,7447-7447,7449-7449,7477-7493,7495-7499,7503-7507,7509-7521,7523-7531,7533-7533,7535-7535,7537-7538,7540-7542,7546-7546,7548-7549,7551-7551,7553-7554,7557-7557,7559-7562,7568-7568,7571-7571,7632-7632,7861-7863,7867-7867,7869-7869,7903-7906,7909-7911,8324-8324,9629-9629,15989-16015,16137-16165,16191-16196,16457-16489,16491-16507,16510-16511,16514-16519,16524-16536,16539-16543,16545-16546,16548-16548,16550-16557,16559-16560,16578-16578,16766-16766,16889-16889,17055-17055,17105-17106,17206-17206,17209-17209,17215-17216,17864-17865,18073-18073,19004-19004,19012-19012,19264-19264,19297-19297,21177-21178,21203-21205,22182-22185,24283-24318,24373-24405,24858-24859,25589-25590,25746-25755,25757-25774,25776-25840,25843-25851,25855-25862,25865-25868,25870-25876,25880-25880,25882-25885,26521-26521,26804-26806,26870-26872,27523-27523,29729-29734]",【技能】,jineng.
2208,"CraftAction[100001-100004,100010-100010,100128-100128,100177-100177,100203-100203,100227-100227,100235-100235,100243-100243,100283-100283,100299-100299,100315-100315,100323-100323,100339-100339,100355-100355,100363-100363,100371-100371,100379-100379,100387-100387,100395-100395,100403-100403,100411-100411,100419-100419,100427-100427,100435-100435]",【製作技能】,zhizuojineng.
2209,BuddyAction,【搭檔技能】,dadangjineng.
2210,PetAction[1-6],【召喚獸技能】,zhaohuanshoujineng.
2211,"Weather[col-1,1-20,22-23,25-25,29-29,35-36,40-40,44-44,49-51,53-54,60-60,66-66,69-69,71-71,74-74,77-77,80-80,82-82,84-84,87-87,92-92,95-95,97-97,101-102,109-113,116-116,118-118,120-120,122-122,125-125,133-138,144-145,147-149,151-151,156-157,160-162,171-171]",【天候】,tianhou.
2212,"MainCommand[col-<hex:0220020603>,1-36,41-42,44-44,56-62,64-70,72-82,84-99]",【快捷指令】,kuaijiezhiling.
2213,"TextCommand[col-<hex:0220020903>,col-<hex:0220020603>,1-31,33-38,40-211,213-321,323-455,459-634,636-643,647-647,649-649]",【文本指令】,wenbenzhiling.
2214,"Action[29054-29061,29064-29067,29069-29076,29078-29088,29091-29095,29097-29110,29123-29126,29128-29130,29223-29240,29242-29245,29249-29264,29266-29266,29371-29371,29391-29396,29399-29409,29412-29423,29428-29432,29469-29469,29472-29497,29499-29515,29523-29533,29535-29554,29559-29559,29566-29566,29649-29651,29653-29655,29657-29657,29659-29691,29695-29695,29697-29700,29702-29704,29707-29707,29711-29711,29736-29737,30896-30897]",【對戰技能】,duizhanjineng.
2215,"Pet[<hex:0220020103>,1-2,6-8,10-10,14-15,17-19,23-24,27-32]",【召喚獸】,zhaohuanshou.
2216,"Companion[noun,1-67,71-152,154-222,224-451,453-453,456-460,462-464,466-466]",【寵物】,chongwu.
2217,PetMirage[col-<hex:0220020303>],【召喚獸的外貌】,zhaohuanshoudewaimao
2218,ActionComboRoute[50-59],【對戰連擊技能】,duizhanlianjijineng
2219,"Action[12958-13007,14476-14481]",【文理技能】,wenlijineng
2220,"Action[11383-11431,18295-18325,23264-23267,23269-23273,23275-23288,23290-23290]",【青魔法】,qingmofa
2221,"Action[20701-20770,22344-22356,23907-23922]",【失傳技能】,shichuanjineng
2900,@,【職業量譜】,zhiyeliangpu
2901,,忠義量譜,zhongyiliangpu
2902,,忠義,zhongyi
2904,,鬥氣量譜,douqiliangpu
2905,,獸魂量譜,shouhunliangpu
2906,,獸魂,shouhun
2907,,龍血量譜,longxueliangpu
2908,,龍眼,longyan
2909,,戰歌量譜,zhangeliangpu
2910,,詩心,shixin
2911,,百合花莖量譜,baihehuajingliangpu
2912,,治療百合,zhiliaobaihe
2913,,元素量譜,yuansuliangpu
2914,,靈極心,lingjixin
2915,,乙太超流量譜,yitaichaoliuliangpu
2916,,龍神同調,shenlongtongdiao
2917,,同調量譜,tongdiaoliangpu
2919,,異想量譜,yixiangliangpu
2920,,異想乙太,yixiangyitai
2921,,風遁量譜,fengdunliangpu
2922,,忍氣量譜,renqiliangpu
2923,,忍氣,renqi
2926,,槍管熱度量譜,qiangguanreduliangpu
2927,,過熱,guore
2928,,暗血量譜,anxueliangpu
2930,,奧秘量譜,aomiliangpu
2931,,雪月花量譜,xueyuehualiangpu
2932,,閃,shan
2933,,劍氣量譜,jianqiliangpu
2934,,劍氣,jianqi
2935,,平衡量譜,pinghengliangpu
2936,,白魔元,baimoyuan
2937,,黑魔元,heimoyuan
2938,,暗黑量譜,anheiliangpu
2939,,血百合,xuebaihe
2940,,機工量譜,jigongliangpu
2941,,電能量譜,diannengliangpu
2942,,晶壤量譜,jingrangliangpu
2943,,舞步量譜,wubuliangpu
2944,,幻扇量譜,huanshanliangpu
2946,,劍壓量譜,jianyaliangpu
2947,,靈魂量值,linghunliangzhi
2948,,夜遊魂量譜,yeyouhunliangpu
2949,,均衡量譜,junhengliangpu
2950,,蛇膽量譜,shedanliangpu
2951,,必殺技量譜,bishajiliangpu
2952,,魔元集量譜,moyuanjiliangpu
2953,,伶俐量譜,lingliliangpu
2954,,尾聲量譜,weishengliangpu
2955,,靈魂之聲量譜,linghunzhishengliangpu
2956,,悖論量譜,beilunliangpu
2957,,蛇膽,shedan
2958,,蛇刺,sheci
2959,,暗技,anji
2960,,通曉,tongxiao
2961,,劍壓,jianya
2962,,星標,xingbiao
2963,,脈輪,mailun
2964,,鬥氣,douqi
2965,,魂衣,hunyi
2966,,魂衣量譜,hunyiliangpu
2967,,伶俐,lingli
2968,,虛無魂,xuwuhun
2969,,夜遊魂,yeyouhun
2970,,靈魂之聲,linghunzhisheng
3000,@,【金碟遊樂場】,jindieyoulechang.
3001,,陸行鳥競賽,luxingniaojingsai
3002,,競賽陸行鳥,jingsailuxingniao
3003,,新陸行鳥,xinluxingniao
3004,,退役陸行鳥,tuiyiluxingniao
3005,,配種,peizhong
3006,,羽力,yuli
3007,,血統等級,xuetongdengji
3008,,隨機賽道,suijisaidao
3009,,荒野大道,huangyedadao
3010,,恬靜小路,tianjingxiaolu
3011,,九宮幻卡,jiugonghuanka
3012,,卡片,kapian
3013,,卡片類型,kapianleixing
3014,,稀有度,xiyoudu
3015,,對局,duiju
3016,,大賽,dasai
3017,,九宮幻卡大賽,jiugonghuankadasai
3018,,積分,jifen
3019,,特殊規則,teshuguize
3020,,流行規則,liuxingguize
3021,,對局規則,duijuguize
3022,,大賽規則,dasaiguize
3023,,全明牌,quanmingpai
3024,,三明牌,sanmingpai
3025,,同數,tongshu
3026,,不勝不休,bushengbuxiu
3027,,加算,jiasuan
3028,,隨機,suiji
3029,,秩序,zhixu
3030,,混亂,hunluan
3031,,逆轉,nizhuan
3032,,王牌殺手,wangpaishashou
3033,,同類強化,tongleiqianghua
3034,,同類弱化,tongleiruohua
3035,,交換,jiaohuan
3036,,天選,tianxuan
3037,,卡組,kazu
3038,,希望規則：,xiwangguize
3039,,機遇任務,jiyurenwu
3040,,仙人彩,xianrencai
3041,,仙人仙彩,xianrenxiancai
3042,,仙人微彩,xianrenweicai
3043,,中選號碼,zhongxuanhaoma
3044,,萌寵之王,mengchongzhiwang
3045,,設施特效,sheshitexiao
3046,,奧秘核石,aomiheshi
3047,,萌寵之門,mengchongzhimen
3048,,防禦盾,fangyudun
3049,,探索眼,tansuoyan
3050,,動物,dongwu
3051,,玩偶,wanou
3052,,機件,jijian
3053,,特殊技,teshuji
3054,,陷阱,xianjing
3055,,噴風中的倖存者,penfengzhongdexingcunzhe
3056,,小雛鳥的營救者,xiaochuniaodeyingjiuzhe
3060,,太陽海岸,taiyanghaian
3061,,魔物,mowu
3062,,虛景跳跳樂大挑戰,xujingtiaotiaoledatiaozhan
3063,,空軍裝甲駕駛員,kongjunzhuangjiajiashiyuan
3064,,多瑪方城戰,duomafangchengzhan
3065,,快刀斬魔,kuaidaozhanmo
3300,@,【狀態變化】,zhuangtaibianhua.
3301,,麻痺,mabi
3302,,沉默,chenmo
3303,,眩暈,xuanyun
3304,,睡眠,shuimian
3305,,加重,jiazhong
3306,,石化,shihua
3307,,魅惑,meihuo
3308,,吸收,xishou
3309,,拘束,jushu
3310,,變身,bianshen
3311,,中毒,zhongdu
3313,,選拔,xuanba
3314,,官方錦標賽,guanfangjinbiaosai
3500,,,yuanquan
3501,,,cha
3502,,,sanjiao
3503,,,fangkuai
3504,,內圈,neiquan
3505,,外圈,waiquan
3506,,順時針轉,shunshizhenzhuan
3507,,逆時針轉,nishizhenzhuan
3508,,攻擊姿態,gongjizitai
3509,,防禦姿態,fangyuzitai
3510,,預兆,yuzhao
3511,,視線,shixian
3512,,圓形,yuanxing
3513,,扇形,shanxing
3514,,對角線,duijiaoxian
3515,,直線,zhixian
3516,,環形,huanxing
3517,,線,xian
3518,,球,qiu
3519,,地面,dimian
3520,,牆壁,qiangbi
3521,,柱子,zhuzi
3522,,岩石,yanshi
3523,,炎,yan
3524,,水,shui
3525,,冰,bing
3526,,,shizi
3527,,爆炸,baozha
3528,,同時,tongshi
3529,,交替,jiaoti
3531,,合體,heti
3535,,集合,jihe
3536,,散開,sankai
3540,,分擔傷害,fendanshanghai
3541,,反射傷害,fansheshanghai
3542,,持續傷害,chixushanghai
3543,,模式變更,moshibiangeng
3544,,階段,jieduan
3545,,積累型強化,jileixingqianghua
3546,,積累型弱化,jileixingruohua
3547,,隨機目標,suijimubiao
3600,@,【深層迷宮】,shencengmigong
3601,,轉移石塚,zhuanyishizhong
3602,,再生石塚,zaishengshizhong
3603,,魔陶器：咒印解除,motaoqizhouyinjiechu
3604,,魔陶器：全景,motaoqiquanjing
3605,,魔陶器：強化自身,motaoqiqianghuazishen
3606,,魔陶器：強化防禦,motaoqiqianghuafangyu
3607,,魔陶器：寶箱增加,motaoqibaoxiangzengjia
3608,,魔陶器：減少敵人,motaoqijianshaodiren
3609,,魔陶器：改變敵人,motaoqigaibiandiren
3610,,魔陶器：解咒,motaoqijiezhou
3611,,魔陶器：運氣上升,motaoqiyunqishangsheng
3612,,魔陶器：形態變化,motaoqixingtaibianhua
3613,,魔陶器：魔法效果解除,motaoqimofaxiaoguojiechu
3614,,魔陶器：曼提克化,motaoqimantikehua
3615,,魔陶器：夢魔化,motaoqimengmohua
3616,,魔陶器：感知寶藏,motaoqiganzhibaozang
3617,,魔陶器：重生,motaoqichongsheng
3618,,魔陶器：基路伯化,motaoqijilubohua
3619,,魔陶器：弱化敵人,motaoqiruohuadiren
3620,,魔陶器：隱形,motaoqiyinxing
3621,,魔陶器：石化敵人,motaoqishihuadiren
3622,,伊弗利特魔石,yifulitemoshi
3623,,泰坦魔石,taitanmoshi
3624,,迦樓羅魔石,jialouluomoshi
3625,,奧丁魔石,aodingmoshi
3626,,轉移燈籠,zhuanyidenglong
3627,,再生燈籠,zaishengdenglong
4000,,魔素板,mosuban
4001,,魔素融合器,mosurongheqi
4002,,魔素石,mosushi
4003,,屬性值,shuxingzhi
4004,,元素等級,yuansudengji
4005,,文理碎晶,wenlisuijing
4007,,文理融合器,wenlirongheqi
4008,,文理技能,wenlijineng
4009,,禁地兵裝,jindibingzhuang
4011,,自定賽,zidingsai
4012,,金碟幣,jindiebi
4013,,探險幣,tanxianbi
4014,,老主顧交易,laozhugujiaoyi
4017,,重建伊修加德,chongjianyixiujiade
4019,,出海垂釣,chuhaichuidiao
4020,,天鋼工具,tianganggongju
4021,,幻巧拼圖,huanqiaopintu
4022,,失傳技能,shichuanjineng
4023,,失傳技能庫,shichuanjinengku
4024,,失傳技能保管箱,shichuanjinengbaoguanxiang
4025,,失傳碎晶,shichuansuijing
4026,,戰果,zhanguo
4027,,義軍等級,yijundengji
4028,,自由探索,ziyoutansuo
4030,,博茲雅晶簇,boziyajingcu
4031,,時尚配飾,shishangpeishi
4032,,義軍武器,yijunwuqi
4033,,博茲雅搜尋器,boziyasousuoqi
4034,,慶典,qingdian
4035,,亞拉戈經典神典石,yalagejingdianshendianshi
4036,,亞拉戈天文神典石,yalagetianwenshendianshi
4037,,隨身見聞錄,suishenjianwenlu
4038,,戰利水晶,zhanlishuijing
4039,,肖像,xiaoxiang
4040,,冒險者銘牌,maoxianzhemingpai
4041,,開拓無人島,kaituowurendao
4042,,亞拉戈因果神典石,yalageyinguoshendianshi
4043,,曼德維爾武器,mandeweierwuqi
5000,,大型任務,daxingrenwu
5001,,每日挑戰,meiritiaozhan
5002,,岩燕廟,yanyanmiao
5003,,封閉聖塔黎鐸拉納大燈塔,fengbishengtaliduolanadadengta
5004,,月讀殲滅戰,yuedujianmiezhan
5005,,月讀幽夜殲滅戰,yueduyouyejianmiezhan
5006,,究極神兵絕境戰,jiujishenbingjuejingzhan
5007,,天之御柱,tianzhiyuzhu
5008,,火龍狩獵戰,xionghuolongshouliezhan
5009,,火龍上位狩獵戰,xionghuolongshangweishouliezhan
5010,,恆冰之地,hengbingzhidi
5011,,妖歌海,yaogehai
5012,,阿拉米格,alamige
5013,,圓桌騎士幻想殲滅戰,yuanzhuoqishihuanxiangjianmiezhan
5014,,終末焦土,zhongmojiaotu
5015,,朱雀鎮魂戰,zhuquezhenhunzhan
5016,,朱雀詩魂戰,zhuqueshihunzhan
5017,,阿爾法幻境,aerfahuanjing
5018,,湧火之地,yonghuozhidi
5019,,黃金閣,huangjinge
5020,,雲冠群島,yunguanqundao
5021,,基姆利特暗區,jimuliteanqu
5022,,青龍鎮魂戰,qinglongzhenhunzhan
5023,,青龍詩魂戰,qinglongshihunzhan
5024,,樂慾之所甌博訥修道院,leyuzhisuooubonexiudaoyuan
5025,,豐水之地,fengshuizhidi
5026,,隱塞（機動戰）,yinsaijidongzhan
5027,,水灘村,shuitancun
5028,,多恩美格禁園,duoenmeigejinyuan
5029,,奇坦那神影洞,qitannashenyingdong
5030,,馬利卡大井,malikadajing
5031,,格魯格火山,gelugehuoshan
5032,,亞馬烏羅提,yamawuluoti
5033,,希爾科斯孿晶塔,xierkesiluanjingta
5034,,阿尼德羅學院,anideluoxueyuan
5035,,緹坦妮雅殲滅戰,titanniyajianmiezhan
5036,,緹坦妮雅殲殛戰,titanniyajianjizhan
5037,,無瑕靈君殲滅戰,wuxialingjunjianmiezhan
5038,,無瑕靈君殲殛戰,wuxialingjunjianjizhan
5039,,哈迪斯殲滅戰,hadisijianmiezhan
5040,,伊甸希望樂園,yidianxiwangleyuan
5041,,伊甸零式希望樂園,yidianlingshixiwangleyuan
5042,,覺醒之章,juexingzhizhang
5043,,保鏢殲滅戰,baobiaojianmiezhan
5044,,巴爾德西昂兵武塔,baerdexiangbingwuta
5045,,宇宙宮,-
5046,,哈迪斯孤念殲滅戰,hadisigunianjianmiezhan
5047,,亞歷山大絕境戰,yalishandajuejingzhan
5048,,複製工廠廢墟,fuzhigongchangfeixu
5049,,昂薩哈凱爾（競爭戰）,angsahakaierjingzhengzhan
5050,,阿尼德羅追憶館,anideluozhuiyiguan
5051,,共鳴之章,gongmingzhizhang
5052,,紅寶石神兵破壞作戰,hongbaoshishenbingpohuaizuozhan
5053,,紅寶石神兵狂想作戰,hongbaoshishenbingkuangxiangzuozhan
5054,,博茲雅堡壘追憶戰,boziyabaoleizhuiyizhan
5055,,南方博茲雅戰線,nanfangboziyazhanxian
5056,,諾弗蘭特,nuofulante
5057,,光之戰士殲滅戰,guangzhizhanshijianmiezhan
5058,,光之戰士幻耀殲滅戰,guangzhizhanshihuanyaojianmiezhan
5059,,人偶軍事基地,renoujunshijidi
5061,,衝突戰,chongtuzhan
5062,,緊急遭遇戰,jinjizaoyuzhan
5063,,天佑女王,tianyounvwang
5064,,瑪托雅工作室,matuoyagongzuoshi
5065,,再生之章,zaishengzhizhang
5066,,綠寶石神兵破壞作戰,lvbaoshishenbingpohuaizuozhan
5067,,綠寶石神兵狂想作戰,lvbaoshishenbingkuangxiangzuozhan
5068,,女王古殿,nvwanggudian
5070,,帝國湖岸堡攻城戰,diguohuanbaogongchengzhan
5071,,帕戈爾贊草原,pageerzancaoyuan
5072,,鑽石神兵捕獲作戰,zuanshishenbingbuhuozuozhan
5073,,鑽石神兵狂想作戰,zuanshishenbingkuangxiangzuozhan
5074,,希望之砲台：「塔」,xiwangzhipaotaita
5076,,扎杜諾爾高原,zhadunuoergaoyuan
5077,,旗艦達爾里阿達號攻略戰,qijiandaerliadahaogonglvezhan
5078,,佐特塔,zuoteta
5079,,巴別塔,babieta
5080,,萬相森國,wanxiangsenguo
5081,,極北造物院,jibeizaowuyuan
5082,,尋因星晶鏡,xunyinxingjingjing
5083,,末世終跡,moshizhongji
5084,,笑笑鎮,xiaoxiaozhen
5085,,斯提格瑪四,sitigemasi
5086,,佐迪亞克殲滅戰,zuodiyakejianmiezhan
5087,,佐迪亞克暝暗殲滅戰,zuodiyakeminganjianmiezhan
5088,,海德林殲滅戰,haidelinjianmiezhan
5089,,海德林暉光殲滅戰,haidelinhuiguangjianmiezhan
5090,,終結之戰,zhongjiezhizhan
5091,,萬魔殿,wanmodian
5092,,零式萬魔殿,lingshiwanmodian
5093,,邊境之獄,bianjingzhiyu
5094,,近東秘寶阿爾扎達爾海底遺跡群,jindongmibaoaerzhadaerhaidiyijiqun
5095,,終極之戰,zhongjizhizhan
5097,,燦爛神域阿格萊亞,canlanshenyuagelaiya
5098,,幻想龍詩絕境戰,huanxianglongshijuejingzhan
5099,,水晶衝突,shuijingchongtu
5100,,角力學校,juelixuexiao
5101,,火山之心,huoshanzhixin
5102,,九霄雲上,jiuxiaoyunshang
5103,,巴爾巴莉希婭殲滅戰,baerbalixiyajianmiezhan
5104,,巴爾巴莉希婭殲殛戰,baerbalixiyajianjizhan
5105,,薩菲洛特幻巧戰,safeiluotehuanqiaozhan
5106,,煉淨之獄,lianjingzhiyu
5107,,特羅亞宮廷,teluoyagongting
5108,,多變迷宮,duobianmigong
5109,,異聞迷宮,yiwenmigong
5110,,希拉狄哈水道,xiladihashuidao
5111,,異聞希拉狄哈水道,yiwenxiladihashuidao
5112,,零式異聞希拉狄哈水道,lingshiyiwenxiladihashuidao
